{"cameraMode":{"drawMode":0,"name":"Shaded","section":"Shading Mode"},"sceneLighting":false,"audioPlay":false,"sceneViewState":{"m_AlwaysRefresh":false,"showFog":false,"showSkybox":false,"showFlares":false,"showImageEffects":true,"showParticleSystems":false,"showVisualEffectGraphs":false,"m_FxEnabled":true},"in2DMode":false,"pivot":{"x":-0.10639593005180359,"y":0.398396760225296,"z":-0.11450707912445069},"rotation":{"x":0.007059917319566011,"y":0.9912199378013611,"z":-0.11890862882137299,"w":0.05802357569336891},"size":0.1383451372385025,"orthographic":false}