{"cameraMode":{"drawMode":0,"name":"Shaded","section":"Shading Mode"},"sceneLighting":false,"audioPlay":false,"sceneViewState":{"m_AlwaysRefresh":false,"showFog":false,"showSkybox":false,"showFlares":false,"showImageEffects":true,"showParticleSystems":false,"showVisualEffectGraphs":false,"m_FxEnabled":true},"in2DMode":false,"pivot":{"x":-0.05952340364456177,"y":0.22427955269813538,"z":-0.07135360687971115},"rotation":{"x":0.007059917319566011,"y":0.9912199378013611,"z":-0.11890862882137299,"w":0.05802357569336891},"size":0.668134331703186,"orthographic":false}