{"cameraMode":{"drawMode":0,"name":"Shaded","section":"Shading Mode"},"sceneLighting":false,"audioPlay":false,"sceneViewState":{"m_AlwaysRefresh":false,"showFog":false,"showSkybox":false,"showFlares":false,"showImageEffects":true,"showParticleSystems":false,"showVisualEffectGraphs":false,"m_FxEnabled":true},"in2DMode":false,"pivot":{"x":1.125253677368164,"y":0.7666025161743164,"z":1.5095415115356446},"rotation":{"x":-0.12431283295154572,"y":0.39337438344955447,"z":-0.053873591125011447,"w":-0.9093805551528931},"size":1.8837494850158692,"orthographic":false}