{"cameraMode":{"drawMode":0,"name":"Shaded","section":"Shading Mode"},"sceneLighting":false,"audioPlay":false,"sceneViewState":{"m_AlwaysRefresh":false,"showFog":false,"showSkybox":false,"showFlares":false,"showImageEffects":true,"showParticleSystems":false,"showVisualEffectGraphs":false,"m_FxEnabled":true},"in2DMode":false,"pivot":{"x":-0.17457067966461183,"y":0.43476712703704836,"z":-0.042009107768535617},"rotation":{"x":0.10062810778617859,"y":0.10904784500598908,"z":-0.010994736105203629,"w":0.9889050722122192},"size":0.18702127039432527,"orthographic":false}