{"cameraMode":{"drawMode":0,"name":"Shaded","section":"Shading Mode"},"sceneLighting":false,"audioPlay":false,"sceneViewState":{"m_AlwaysRefresh":false,"showFog":false,"showSkybox":false,"showFlares":false,"showImageEffects":false,"showParticleSystems":false,"showVisualEffectGraphs":false,"m_FxEnabled":true},"in2DMode":false,"pivot":{"x":0.017857730388641359,"y":0.04413837194442749,"z":0.18641898036003114},"rotation":{"x":0.01415940560400486,"y":0.9754902124404907,"z":-0.06594580411911011,"w":0.20944839715957642},"size":0.5620035529136658,"orthographic":false}