{"cameraMode":{"drawMode":0,"name":"Shaded","section":"Shading Mode"},"sceneLighting":true,"audioPlay":false,"sceneViewState":{"m_AlwaysRefresh":false,"showFog":false,"showSkybox":true,"showFlares":false,"showImageEffects":true,"showParticleSystems":false,"showVisualEffectGraphs":false,"m_FxEnabled":true},"in2DMode":false,"pivot":{"x":0.22139930725097657,"y":0.6594058275222778,"z":-1.0152720212936402},"rotation":{"x":0.011658026836812497,"y":0.9630557298660278,"z":-0.26590457558631899,"w":0.04187924042344093},"size":2.124481201171875,"orthographic":false}