{"cameraMode":{"drawMode":0,"name":"Shaded","section":"Shading Mode"},"sceneLighting":true,"audioPlay":false,"sceneViewState":{"m_AlwaysRefresh":false,"showFog":false,"showSkybox":true,"showFlares":false,"showImageEffects":true,"showParticleSystems":false,"showVisualEffectGraphs":false,"m_FxEnabled":true},"in2DMode":false,"pivot":{"x":-0.00015163421630859375,"y":0.7701648473739624,"z":0.031882017850875857},"rotation":{"x":-0.03567607328295708,"y":0.9113336801528931,"z":-0.08086435496807099,"w":-0.4020678400993347},"size":1.1800110340118409,"orthographic":false}